CustomerName,ProductName,FeedbackDate,Rating,Description
Downtown Market,Whole Roasted Chicken,2024-04-10,2,Chicken was dry and overcooked. Needs better temperature control during roasting.
City Bistro,Grilled Chicken Breast,2024-06-11,3,Good flavor but sometimes a bit tough. Could marinate longer for tenderness.
Grand Hotel,Grilled Chicken Breast,2025-02-18,3,Works well for room service but portion size could be larger for the price.
Grand Hotel,Whole Roasted Chicken,2024-09-15,3,Better quality recently. Could use more seasoning in the cavity.
Fresh Foods Grocery,Braised Chicken Thighs,2024-12-05,4,Very tender and flavorful. The braising liquid is excellent.
City Bistro,Buffalo Chicken Wings,2024-11-11,4,Good spice level. Could use more sauce options like honey BBQ or teriyaki.
Local Market,Buffalo Chicken Wings,2025-01-20,4,Sells well. Could the wings be slightly larger or offer jumbo wing option?
Family Restaurant,Buffalo Chicken Wings,2024-12-10,4,Kids love them. The spice level is perfect for families.
Downtown Market,Grilled Chicken Breast,2024-11-05,4,Good quality. Maybe offer a lemon-herb and a spicy version?
Family Restaurant,Whole Roasted Chicken,2024-10-01,4,Reliable product. Could enhance the skin crispiness.
Resort Kitchen,Braised Chicken Thighs,2025-02-14,4,Rich flavor. Consider adding a wine-braised variant for upscale menu?
Convenience Plus,Braised Chicken Thighs,2024-05-25,4,Good seller. Some customers find it slightly too salty, maybe adjust seasoning?
Local Market,Chicken Pot Pie,2024-08-05,4,Good comfort food. The pastry sometimes gets soggy; can it be made more resistant?
Park Concessions,Chicken Pot Pie,2025-03-25,4,Nice filling. Would be great if the chicken chunks were slightly bigger.
Daily Cafe,Whole Roasted Chicken,2025-02-20,4,Much improved! Juicy and well-seasoned. Maybe offer a rotisserie-style version?
Resort Kitchen,Chicken Liver Pâté,2024-07-10,4,Smooth texture. Is it possible to make it slightly less rich for lighter palates?
Event Planners,Chicken Liver Pâté,2025-03-12,4,Popular at events. The flavor is great; maybe offer a spicier version?
Event Planners,Chicken Empanadas,2024-11-22,4,Great for catering. The pastry is good; maybe make the filling slightly more seasoned?
Riverside Restaurant,Chicken Stock,2025-03-22,4,Rich and flavorful. Could use a low-sodium version for health-conscious customers?
Catering Services,Chicken Stock,2024-08-15,4,Great base for soups. Could the packaging be more convenient for bulk use?
Park Concessions,Braised Chicken Thighs,2025-03-28,5,Perfect for our menu. Easy to serve. Could benefit from slightly larger portions.
Local Market,Braised Chicken Thighs,2024-07-20,5,Authentic taste, sells fast. Could you add a Mediterranean herb version?
Coffee Shop,Chicken Croissant,2024-06-01,5,Perfect for breakfast! The pastry is flaky. Any chance of making them slightly larger?
University Food Court,Chicken Croissant,2025-03-18,5,Students love them! Maybe offer a spicy chicken croissant variant?
Daily Cafe,Buffalo Chicken Wings,2025-03-30,5,Customers love the spice level. Idea: Offer it with different heat levels?
Grand Hotel,Buffalo Chicken Wings,2024-08-25,5,Excellent product. Perhaps offer a honey-mustard version for variety?
Sweet Treats,Chicken Pot Pie,2024-07-15,5,Perfectly seasoned! Maybe add tiny herb pieces for visual appeal?
Coffee Shop,Chicken Pot Pie,2025-03-01,5,Great comfort food. Suggestion: a mini pot pie version for snacks?
Riverside Restaurant,Whole Roasted Chicken,2024-05-20,5,Excellent quality. Could you offer a version with different stuffing options?
University Food Court,Whole Roasted Chicken,2025-03-05,5,Very reliable. Consider promoting meal deals with sides using this product.
Daily Cafe,Grilled Chicken Breast,2024-10-20,5,Our go-to protein. Could we get matching sauces for variety?
Catering Services,Chicken Pot Pie,2025-01-15,5,Wonderful comfort food. Maybe add a hint of thyme or rosemary to the filling?
Convenience Plus,Chicken Liver Pâté,2024-12-15,5,Popular choice. The texture is perfect. Maybe a truffle-infused version?
Grand Hotel,Chicken Empanadas,2024-07-01,5,Excellent flavor profile. Could the pastry be slightly flakier?
Daily Cafe,Chicken Empanadas,2025-03-10,5,Customers love the spiciness. Suggestion: offer a milder version for kids?
Resort Kitchen,Chicken Stock,2025-01-05,5,Wonderfully rich. Maybe add tiny herb pieces for visual appeal?

